[
    {
        "coord": {
            "lon": 79.8478,
            "lat": 6.9319
        },
        "weather": [
            {
                "id": 500,
                "main": "Rain",
                "description": "light rain",
                "icon": "10d"
            }
        ],
        "base": "stations",
        "main": {
            "temp": 28.44,
            "feels_like": 32.18,
            "temp_min": 28.44,
            "temp_max": 28.44,
            "pressure": 1012,
            "humidity": 74,
            "sea_level": 1012,
            "grnd_level": 1011
        },
        "visibility": 10000,
        "wind": {
            "speed": 4.9,
            "deg": 254,
            "gust": 5.16
        },
        "rain": {
            "1h": 0.45
        },
        "clouds": {
            "all": 97
        },
        "dt": 1728277728,
        "sys": {
            "country": "LK",
            "sunrise": 1728260858,
            "sunset": 1728304135
        },
        "timezone": 19800,
        "id": 1248991,
        "name": "Colombo",
        "cod": 200
    },
    {
        "coord": {
            "lon": -0.1257,
            "lat": 51.5085
        },
        "weather": [
            {
                "id": 803,
                "main": "Clouds",
                "description": "broken clouds",
                "icon": "04n"
            }
        ],
        "base": "stations",
        "main": {
            "temp": 12.39,
            "feels_like": 12.09,
            "temp_min": 12.39,
            "temp_max": 12.39,
            "pressure": 998,
            "humidity": 92,
            "sea_level": 998,
            "grnd_level": 995
        },
        "visibility": 10000,
        "wind": {
            "speed": 3.44,
            "deg": 204,
            "gust": 11.01
        },
        "clouds": {
            "all": 71
        },
        "dt": 1728277719,
        "sys": {
            "country": "GB",
            "sunrise": 1728281482,
            "sunset": 1728321890
        },
        "timezone": 3600,
        "id": 2643743,
        "name": "London",
        "cod": 200
    },
    {
        "coord": {
            "lon": -74.006,
            "lat": 40.7143
        },
        "weather": [
            {
                "id": 500,
                "main": "Rain",
                "description": "light rain",
                "icon": "10n"
            }
        ],
        "base": "stations",
        "main": {
            "temp": 17.91,
            "feels_like": 17.69,
            "temp_min": 17.91,
            "temp_max": 17.91,
            "pressure": 1012,
            "humidity": 74,
            "sea_level": 1012,
            "grnd_level": 1012
        },
        "visibility": 10000,
        "wind": {
            "speed": 3.9,
            "deg": 190,
            "gust": 9.5
        },
        "rain": {
            "1h": 0.22
        },
        "clouds": {
            "all": 77
        },
        "dt": 1728277941,
        "sys": {
            "country": "US",
            "sunrise": 1728298740,
            "sunset": 1728340087
        },
        "timezone": -14400,
        "id": 5128581,
        "name": "New York",
        "cod": 200
    },
    {
        "coord": {
            "lon": 2.3488,
            "lat": 48.8534
        },
        "weather": [
            {
                "id": 500,
                "main": "Rain",
                "description": "light rain",
                "icon": "10n"
            }
        ],
        "base": "stations",
        "main": {
            "temp": 14.23,
            "feels_like": 13.95,
            "temp_min": 14.23,
            "temp_max": 14.23,
            "pressure": 1003,
            "humidity": 86,
            "sea_level": 1003,
            "grnd_level": 999
        },
        "visibility": 10000,
        "wind": {
            "speed": 2.59,
            "deg": 212,
            "gust": 7.48
        },
        "rain": {
            "1h": 0.32
        },
        "clouds": {
            "all": 73
        },
        "dt": 1728278110,
        "sys": {
            "country": "FR",
            "sunrise": 1728280750,
            "sunset": 1728321435
        },
        "timezone": 7200,
        "id": 2988507,
        "name": "Paris",
        "cod": 200
    },
    {
        "coord": {
            "lon": 139.6917,
            "lat": 35.6895
        },
        "weather": [
            {
                "id": 802,
                "main": "Clouds",
                "description": "scattered clouds",
                "icon": "03d"
            }
        ],
        "base": "stations",
        "main": {
            "temp": 28.41,
            "feels_like": 30.2,
            "temp_min": 28.41,
            "temp_max": 28.41,
            "pressure": 1009,
            "humidity": 61,
            "sea_level": 1009,
            "grnd_level": 1004
        },
        "visibility": 10000,
        "wind": {
            "speed": 8.41,
            "deg": 188,
            "gust": 9.79
        },
        "clouds": {
            "all": 50
        },
        "dt": 1728278349,
        "sys": {
            "country": "JP",
            "sunrise": 1728247244,
            "sunset": 1728289029
        },
        "timezone": 32400,
        "id": 1850144,
        "name": "Tokyo",
        "cod": 200
    },
    {
        "coord": {
            "lon": 151.2073,
            "lat": -33.8679
        },
        "weather": [
            {
                "id": 800,
                "main": "Clear",
                "description": "clear sky",
                "icon": "01d"
            }
        ],
        "base": "stations",
        "main": {
            "temp": 26.38,
            "feels_like": 26.38,
            "temp_min": 26.38,
            "temp_max": 26.38,
            "pressure": 1013,
            "humidity": 38,
            "sea_level": 1013,
            "grnd_level": 1005
        },
        "visibility": 10000,
        "wind": {
            "speed": 1.82,
            "deg": 325,
            "gust": 7.71
        },
        "clouds": {
            "all": 10
        },
        "dt": 1728278428,
        "sys": {
            "country": "AU",
            "sunrise": 1728242642,
            "sunset": 1728288105
        },
        "timezone": 39600,
        "id": 2147714,
        "name": "Sydney",
        "cod": 200
    },
    {
        "coord": {
            "lon": 13.4105,
            "lat": 52.5244
        },
        "weather": [
            {
                "id": 800,
                "main": "Clear",
                "description": "clear sky",
                "icon": "01d"
            }
        ],
        "base": "stations",
        "main": {
            "temp": 7.51,
            "feels_like": 5.23,
            "temp_min": 7.51,
            "temp_max": 7.51,
            "pressure": 1007,
            "humidity": 82,
            "sea_level": 1007,
            "grnd_level": 1002
        },
        "visibility": 10000,
        "wind": {
            "speed": 3.48,
            "deg": 138,
            "gust": 8.61
        },
        "clouds": {
            "all": 5
        },
        "dt": 1728278405,
        "sys": {
            "country": "DE",
            "sunrise": 1728278286,
            "sunset": 1728318590
        },
        "timezone": 7200,
        "id": 2950159,
        "name": "Berlin",
        "cod": 200
    },
    {
        "coord": {
            "lon": 77.2167,
            "lat": 28.6667
        },
        "weather": [
            {
                "id": 800,
                "main": "Clear",
                "description": "clear sky",
                "icon": "01d"
            }
        ],
        "base": "stations",
        "main": {
            "temp": 32.95,
            "feels_like": 33.1,
            "temp_min": 32.95,
            "temp_max": 32.95,
            "pressure": 1014,
            "humidity": 37,
            "sea_level": 1014,
            "grnd_level": 989
        },
        "visibility": 10000,
        "wind": {
            "speed": 1.54,
            "deg": 133,
            "gust": 1.06
        },
        "clouds": {
            "all": 0
        },
        "dt": 1728278023,
        "sys": {
            "country": "IN",
            "sunrise": 1728262034,
            "sunset": 1728304221
        },
        "timezone": 19800,
        "id": 1273294,
        "name": "Delhi",
        "cod": 200
    },
    {
        "coord": {
            "lon": 37.6156,
            "lat": 55.7522
        },
        "weather": [
            {
                "id": 804,
                "main": "Clouds",
                "description": "overcast clouds",
                "icon": "04d"
            }
        ],
        "base": "stations",
        "main": {
            "temp": 11.47,
            "feels_like": 11.07,
            "temp_min": 11.47,
            "temp_max": 11.47,
            "pressure": 1008,
            "humidity": 92,
            "sea_level": 1008,
            "grnd_level": 991
        },
        "visibility": 10000,
        "wind": {
            "speed": 2.47,
            "deg": 143,
            "gust": 7.26
        },
        "clouds": {
            "all": 100
        },
        "dt": 1728278543,
        "sys": {
            "country": "RU",
            "sunrise": 1728272667,
            "sunset": 1728312593
        },
        "timezone": 10800,
        "id": 524901,
        "name": "Moscow",
        "cod": 200
    },
    {
        "coord": {
            "lon": 116.3972,
            "lat": 39.9075
        },
        "weather": [
            {
                "id": 800,
                "main": "Clear",
                "description": "clear sky",
                "icon": "01d"
            }
        ],
        "base": "stations",
        "main": {
            "temp": 21.11,
            "feels_like": 19.98,
            "temp_min": 21.11,
            "temp_max": 21.11,
            "pressure": 1025,
            "humidity": 27,
            "sea_level": 1025,
            "grnd_level": 1019
        },
        "visibility": 10000,
        "wind": {
            "speed": 1.99,
            "deg": 11,
            "gust": 3.65
        },
        "clouds": {
            "all": 0
        },
        "dt": 1728277848,
        "sys": {
            "country": "CN",
            "sunrise": 1728252981,
            "sunset": 1728294471
        },
        "timezone": 28800,
        "id": 1816670,
        "name": "Beijing",
        "cod": 200
    }
]