DateTime,CountryCode,City,Metric,Value
2024-10-02 15:17:37,LK,Colombo,temperature (Celsius),31.97
2024-10-02 15:17:37,LK,Colombo,humidity (%),74
2024-10-02 15:17:37,LK,Colombo,weather,overcast clouds
2024-10-02 15:17:37,LK,Colombo,pressure (hPa),1008
2024-10-02 15:17:37,LK,Colombo,wind speed (meter/sec),6.83
2024-10-02 15:17:37,GB,London,temperature (Celsius),14.54
2024-10-02 15:17:37,GB,London,humidity (%),89
2024-10-02 15:17:37,GB,London,weather,broken clouds
2024-10-02 15:17:37,GB,London,pressure (hPa),1012
2024-10-02 15:17:37,GB,London,wind speed (meter/sec),3.6
2024-10-02 15:17:37,US,New York,temperature (Celsius),14.63
2024-10-02 15:17:37,US,New York,humidity (%),84
2024-10-02 15:17:37,US,New York,weather,overcast clouds
2024-10-02 15:17:37,US,New York,pressure (hPa),1016
2024-10-02 15:17:37,US,New York,wind speed (meter/sec),4.63
2024-10-02 15:17:37,FR,Paris,temperature (Celsius),13.9
2024-10-02 15:17:37,FR,Paris,humidity (%),93
2024-10-02 15:17:37,FR,Paris,weather,light intensity drizzle
2024-10-02 15:17:37,FR,Paris,pressure (hPa),1009
2024-10-02 15:17:37,FR,Paris,wind speed (meter/sec),3.6
2024-10-02 15:17:37,JP,Tokyo,temperature (Celsius),27.42
2024-10-02 15:17:37,JP,Tokyo,humidity (%),74
2024-10-02 15:17:37,JP,Tokyo,weather,broken clouds
2024-10-02 15:17:37,JP,Tokyo,pressure (hPa),1012
2024-10-02 15:17:37,JP,Tokyo,wind speed (meter/sec),5.14
2024-10-02 15:17:37,AU,Sydney,temperature (Celsius),16
2024-10-02 15:17:37,AU,Sydney,humidity (%),77
2024-10-02 15:17:37,AU,Sydney,weather,broken clouds
2024-10-02 15:17:37,AU,Sydney,pressure (hPa),1031
2024-10-02 15:17:37,AU,Sydney,wind speed (meter/sec),4.63
2024-10-02 15:17:37,DE,Berlin,temperature (Celsius),9.54
2024-10-02 15:17:37,DE,Berlin,humidity (%),95
2024-10-02 15:17:37,DE,Berlin,weather,overcast clouds
2024-10-02 15:17:37,DE,Berlin,pressure (hPa),1010
2024-10-02 15:17:37,DE,Berlin,wind speed (meter/sec),5.81
2024-10-02 15:17:37,IN,Delhi,temperature (Celsius),35.05
2024-10-02 15:17:37,IN,Delhi,humidity (%),46
2024-10-02 15:17:37,IN,Delhi,weather,haze
2024-10-02 15:17:37,IN,Delhi,pressure (hPa),1001
2024-10-02 15:17:37,IN,Delhi,wind speed (meter/sec),4.12
2024-10-02 15:17:37,RU,Moscow,temperature (Celsius),18.13
2024-10-02 15:17:37,RU,Moscow,humidity (%),47
2024-10-02 15:17:37,RU,Moscow,weather,overcast clouds
2024-10-02 15:17:37,RU,Moscow,pressure (hPa),1019
2024-10-02 15:17:37,RU,Moscow,wind speed (meter/sec),4.62
2024-10-02 15:17:37,CN,Beijing,temperature (Celsius),19.94
2024-10-02 15:17:37,CN,Beijing,humidity (%),33
2024-10-02 15:17:37,CN,Beijing,weather,clear sky
2024-10-02 15:17:37,CN,Beijing,pressure (hPa),1022
2024-10-02 15:17:37,CN,Beijing,wind speed (meter/sec),2.72
2024-10-02 15:17:58,LK,Colombo,temperature (Celsius),31.97
2024-10-02 15:17:58,LK,Colombo,humidity (%),74
2024-10-02 15:17:58,LK,Colombo,weather,overcast clouds
2024-10-02 15:17:58,LK,Colombo,pressure (hPa),1008
2024-10-02 15:17:58,LK,Colombo,wind speed (meter/sec),6.83
2024-10-02 15:17:58,GB,London,temperature (Celsius),14.54
2024-10-02 15:17:58,GB,London,humidity (%),89
2024-10-02 15:17:58,GB,London,weather,broken clouds
2024-10-02 15:17:58,GB,London,pressure (hPa),1012
2024-10-02 15:17:58,GB,London,wind speed (meter/sec),3.6
2024-10-02 15:17:58,US,New York,temperature (Celsius),14.63
2024-10-02 15:17:58,US,New York,humidity (%),84
2024-10-02 15:17:58,US,New York,weather,overcast clouds
2024-10-02 15:17:58,US,New York,pressure (hPa),1016
2024-10-02 15:17:58,US,New York,wind speed (meter/sec),4.63
2024-10-02 15:17:58,FR,Paris,temperature (Celsius),13.9
2024-10-02 15:17:58,FR,Paris,humidity (%),93
2024-10-02 15:17:58,FR,Paris,weather,light intensity drizzle
2024-10-02 15:17:58,FR,Paris,pressure (hPa),1009
2024-10-02 15:17:58,FR,Paris,wind speed (meter/sec),3.6
2024-10-02 15:17:58,JP,Tokyo,temperature (Celsius),27.33
2024-10-02 15:17:58,JP,Tokyo,humidity (%),74
2024-10-02 15:17:58,JP,Tokyo,weather,scattered clouds
2024-10-02 15:17:58,JP,Tokyo,pressure (hPa),1012
2024-10-02 15:17:58,JP,Tokyo,wind speed (meter/sec),5.14
2024-10-02 15:17:58,AU,Sydney,temperature (Celsius),16
2024-10-02 15:17:58,AU,Sydney,humidity (%),77
2024-10-02 15:17:58,AU,Sydney,weather,broken clouds
2024-10-02 15:17:58,AU,Sydney,pressure (hPa),1031
2024-10-02 15:17:58,AU,Sydney,wind speed (meter/sec),4.63
2024-10-02 15:17:58,DE,Berlin,temperature (Celsius),9.54
2024-10-02 15:17:58,DE,Berlin,humidity (%),95
2024-10-02 15:17:58,DE,Berlin,weather,overcast clouds
2024-10-02 15:17:58,DE,Berlin,pressure (hPa),1010
2024-10-02 15:17:58,DE,Berlin,wind speed (meter/sec),5.81
2024-10-02 15:17:58,IN,Delhi,temperature (Celsius),35.05
2024-10-02 15:17:58,IN,Delhi,humidity (%),46
2024-10-02 15:17:58,IN,Delhi,weather,haze
2024-10-02 15:17:58,IN,Delhi,pressure (hPa),1001
2024-10-02 15:17:58,IN,Delhi,wind speed (meter/sec),4.12
2024-10-02 15:17:58,RU,Moscow,temperature (Celsius),18.13
2024-10-02 15:17:58,RU,Moscow,humidity (%),47
2024-10-02 15:17:58,RU,Moscow,weather,overcast clouds
2024-10-02 15:17:58,RU,Moscow,pressure (hPa),1019
2024-10-02 15:17:58,RU,Moscow,wind speed (meter/sec),4.62
2024-10-02 15:17:58,CN,Beijing,temperature (Celsius),19.94
2024-10-02 15:17:58,CN,Beijing,humidity (%),33
2024-10-02 15:17:58,CN,Beijing,weather,clear sky
2024-10-02 15:17:58,CN,Beijing,pressure (hPa),1022
2024-10-02 15:17:58,CN,Beijing,wind speed (meter/sec),2.72
2024-10-02 15:39:08,LK,Colombo,temperature (Celsius),31.97
2024-10-02 15:39:08,LK,Colombo,humidity (%),74
2024-10-02 15:39:08,LK,Colombo,weather,overcast clouds
2024-10-02 15:39:08,LK,Colombo,pressure (hPa),1008
2024-10-02 15:39:08,LK,Colombo,wind speed (meter/sec),6.83
2024-10-02 15:39:08,GB,London,temperature (Celsius),15
2024-10-02 15:39:08,GB,London,humidity (%),87
2024-10-02 15:39:08,GB,London,weather,broken clouds
2024-10-02 15:39:08,GB,London,pressure (hPa),1012
2024-10-02 15:39:08,GB,London,wind speed (meter/sec),4.12
2024-10-02 15:39:08,US,New York,temperature (Celsius),14.5
2024-10-02 15:39:08,US,New York,humidity (%),85
2024-10-02 15:39:08,US,New York,weather,overcast clouds
2024-10-02 15:39:08,US,New York,pressure (hPa),1016
2024-10-02 15:39:08,US,New York,wind speed (meter/sec),4.63
2024-10-02 15:39:08,FR,Paris,temperature (Celsius),13.95
2024-10-02 15:39:08,FR,Paris,humidity (%),93
2024-10-02 15:39:08,FR,Paris,weather,light intensity drizzle
2024-10-02 15:39:08,FR,Paris,pressure (hPa),1009
2024-10-02 15:39:08,FR,Paris,wind speed (meter/sec),3.6
2024-10-02 15:39:08,JP,Tokyo,temperature (Celsius),27.17
2024-10-02 15:39:08,JP,Tokyo,humidity (%),74
2024-10-02 15:39:08,JP,Tokyo,weather,scattered clouds
2024-10-02 15:39:08,JP,Tokyo,pressure (hPa),1012
2024-10-02 15:39:08,JP,Tokyo,wind speed (meter/sec),5.14
2024-10-02 15:39:08,AU,Sydney,temperature (Celsius),15.81
2024-10-02 15:39:08,AU,Sydney,humidity (%),77
2024-10-02 15:39:08,AU,Sydney,weather,broken clouds
2024-10-02 15:39:08,AU,Sydney,pressure (hPa),1031
2024-10-02 15:39:08,AU,Sydney,wind speed (meter/sec),4.63
2024-10-02 15:39:08,DE,Berlin,temperature (Celsius),9.86
2024-10-02 15:39:08,DE,Berlin,humidity (%),92
2024-10-02 15:39:08,DE,Berlin,weather,overcast clouds
2024-10-02 15:39:08,DE,Berlin,pressure (hPa),1010
2024-10-02 15:39:08,DE,Berlin,wind speed (meter/sec),5.81
2024-10-02 15:39:08,IN,Delhi,temperature (Celsius),35.05
2024-10-02 15:39:08,IN,Delhi,humidity (%),46
2024-10-02 15:39:08,IN,Delhi,weather,haze
2024-10-02 15:39:08,IN,Delhi,pressure (hPa),1001
2024-10-02 15:39:08,IN,Delhi,wind speed (meter/sec),4.63
2024-10-02 15:39:08,RU,Moscow,temperature (Celsius),18.36
2024-10-02 15:39:08,RU,Moscow,humidity (%),49
2024-10-02 15:39:08,RU,Moscow,weather,overcast clouds
2024-10-02 15:39:08,RU,Moscow,pressure (hPa),1019
2024-10-02 15:39:08,RU,Moscow,wind speed (meter/sec),4.62
2024-10-02 15:39:08,CN,Beijing,temperature (Celsius),19.94
2024-10-02 15:39:08,CN,Beijing,humidity (%),33
2024-10-02 15:39:08,CN,Beijing,weather,clear sky
2024-10-02 15:39:08,CN,Beijing,pressure (hPa),1022
2024-10-02 15:39:08,CN,Beijing,wind speed (meter/sec),2.72
2024-10-02 15:42:08,LK,Colombo,temperature (Celsius),31.97
2024-10-02 15:42:08,LK,Colombo,humidity (%),74
2024-10-02 15:42:08,LK,Colombo,weather,overcast clouds
2024-10-02 15:42:08,LK,Colombo,pressure (hPa),1008
2024-10-02 15:42:08,LK,Colombo,wind speed (meter/sec),6.83
2024-10-02 15:42:08,GB,London,temperature (Celsius),15
2024-10-02 15:42:08,GB,London,humidity (%),87
2024-10-02 15:42:08,GB,London,weather,broken clouds
2024-10-02 15:42:08,GB,London,pressure (hPa),1012
2024-10-02 15:42:08,GB,London,wind speed (meter/sec),4.12
2024-10-02 15:42:08,US,New York,temperature (Celsius),14.5
2024-10-02 15:42:08,US,New York,humidity (%),85
2024-10-02 15:42:08,US,New York,weather,overcast clouds
2024-10-02 15:42:08,US,New York,pressure (hPa),1016
2024-10-02 15:42:08,US,New York,wind speed (meter/sec),4.63
2024-10-02 15:42:08,FR,Paris,temperature (Celsius),13.95
2024-10-02 15:42:08,FR,Paris,humidity (%),93
2024-10-02 15:42:08,FR,Paris,weather,light intensity drizzle
2024-10-02 15:42:08,FR,Paris,pressure (hPa),1009
2024-10-02 15:42:08,FR,Paris,wind speed (meter/sec),3.6
2024-10-02 15:42:08,JP,Tokyo,temperature (Celsius),27.17
2024-10-02 15:42:08,JP,Tokyo,humidity (%),74
2024-10-02 15:42:08,JP,Tokyo,weather,scattered clouds
2024-10-02 15:42:08,JP,Tokyo,pressure (hPa),1012
2024-10-02 15:42:08,JP,Tokyo,wind speed (meter/sec),5.14
2024-10-02 15:42:08,AU,Sydney,temperature (Celsius),15.81
2024-10-02 15:42:08,AU,Sydney,humidity (%),77
2024-10-02 15:42:08,AU,Sydney,weather,broken clouds
2024-10-02 15:42:08,AU,Sydney,pressure (hPa),1031
2024-10-02 15:42:08,AU,Sydney,wind speed (meter/sec),4.63
2024-10-02 15:42:08,DE,Berlin,temperature (Celsius),9.86
2024-10-02 15:42:08,DE,Berlin,humidity (%),92
2024-10-02 15:42:08,DE,Berlin,weather,overcast clouds
2024-10-02 15:42:08,DE,Berlin,pressure (hPa),1010
2024-10-02 15:42:08,DE,Berlin,wind speed (meter/sec),5.81
2024-10-02 15:42:08,IN,Delhi,temperature (Celsius),35.05
2024-10-02 15:42:08,IN,Delhi,humidity (%),46
2024-10-02 15:42:08,IN,Delhi,weather,haze
2024-10-02 15:42:08,IN,Delhi,pressure (hPa),1001
2024-10-02 15:42:08,IN,Delhi,wind speed (meter/sec),4.63
2024-10-02 15:42:08,RU,Moscow,temperature (Celsius),18.36
2024-10-02 15:42:08,RU,Moscow,humidity (%),49
2024-10-02 15:42:08,RU,Moscow,weather,overcast clouds
2024-10-02 15:42:08,RU,Moscow,pressure (hPa),1019
2024-10-02 15:42:08,RU,Moscow,wind speed (meter/sec),4.62
2024-10-02 15:42:08,CN,Beijing,temperature (Celsius),19.94
2024-10-02 15:42:08,CN,Beijing,humidity (%),33
2024-10-02 15:42:08,CN,Beijing,weather,clear sky
2024-10-02 15:42:08,CN,Beijing,pressure (hPa),1022
2024-10-02 15:42:08,CN,Beijing,wind speed (meter/sec),2.72
2024-10-03 22:50:48,LK,Colombo,temperature (Celsius),27.31
2024-10-03 22:50:48,LK,Colombo,humidity (%),85
2024-10-03 22:50:48,LK,Colombo,weather,clear sky
2024-10-03 22:50:48,LK,Colombo,pressure (hPa),1012
2024-10-03 22:50:48,LK,Colombo,wind speed (meter/sec),3.74
2024-10-03 22:50:48,GB,London,temperature (Celsius),13.48
2024-10-03 22:50:48,GB,London,humidity (%),77
2024-10-03 22:50:48,GB,London,weather,scattered clouds
2024-10-03 22:50:48,GB,London,pressure (hPa),1021
2024-10-03 22:50:48,GB,London,wind speed (meter/sec),2.52
2024-10-03 22:50:48,US,New York,temperature (Celsius),20.89
2024-10-03 22:50:48,US,New York,humidity (%),66
2024-10-03 22:50:48,US,New York,weather,overcast clouds
2024-10-03 22:50:48,US,New York,pressure (hPa),1019
2024-10-03 22:50:48,US,New York,wind speed (meter/sec),2.57
2024-10-03 22:50:48,FR,Paris,temperature (Celsius),13
2024-10-03 22:50:48,FR,Paris,humidity (%),67
2024-10-03 22:50:48,FR,Paris,weather,broken clouds
2024-10-03 22:50:48,FR,Paris,pressure (hPa),1017
2024-10-03 22:50:48,FR,Paris,wind speed (meter/sec),5.14
2024-10-03 22:50:48,JP,Tokyo,temperature (Celsius),23.57
2024-10-03 22:50:48,JP,Tokyo,humidity (%),92
2024-10-03 22:50:48,JP,Tokyo,weather,light intensity shower rain
2024-10-03 22:50:48,JP,Tokyo,pressure (hPa),1018
2024-10-03 22:50:48,JP,Tokyo,wind speed (meter/sec),6.69
2024-10-03 22:50:48,AU,Sydney,temperature (Celsius),9.95
2024-10-03 22:50:48,AU,Sydney,humidity (%),88
2024-10-03 22:50:48,AU,Sydney,weather,clear sky
2024-10-03 22:50:48,AU,Sydney,pressure (hPa),1022
2024-10-03 22:50:48,AU,Sydney,wind speed (meter/sec),0.45
2024-10-03 22:50:48,DE,Berlin,temperature (Celsius),11.82
2024-10-03 22:50:48,DE,Berlin,humidity (%),92
2024-10-03 22:50:48,DE,Berlin,weather,broken clouds
2024-10-03 22:50:48,DE,Berlin,pressure (hPa),1015
2024-10-03 22:50:48,DE,Berlin,wind speed (meter/sec),7.15
2024-10-03 22:50:48,IN,Delhi,temperature (Celsius),29.05
2024-10-03 22:50:48,IN,Delhi,humidity (%),65
2024-10-03 22:50:48,IN,Delhi,weather,haze
2024-10-03 22:50:48,IN,Delhi,pressure (hPa),1004
2024-10-03 22:50:48,IN,Delhi,wind speed (meter/sec),1.03
2024-10-03 22:50:48,RU,Moscow,temperature (Celsius),17.37
2024-10-03 22:50:48,RU,Moscow,humidity (%),43
2024-10-03 22:50:48,RU,Moscow,weather,overcast clouds
2024-10-03 22:50:48,RU,Moscow,pressure (hPa),1017
2024-10-03 22:50:48,RU,Moscow,wind speed (meter/sec),1.94
2024-10-03 22:50:48,CN,Beijing,temperature (Celsius),8.94
2024-10-03 22:50:48,CN,Beijing,humidity (%),53
2024-10-03 22:50:48,CN,Beijing,weather,clear sky
2024-10-03 22:50:48,CN,Beijing,pressure (hPa),1023
2024-10-03 22:50:48,CN,Beijing,wind speed (meter/sec),1.84
2024-10-03 22:55:45,LK,Colombo,temperature (Celsius),27.31
2024-10-03 22:55:45,LK,Colombo,humidity (%),85
2024-10-03 22:55:45,LK,Colombo,weather,clear sky
2024-10-03 22:55:45,LK,Colombo,pressure (hPa),1012
2024-10-03 22:55:45,LK,Colombo,wind speed (meter/sec),3.74
2024-10-03 22:55:45,GB,London,temperature (Celsius),13.48
2024-10-03 22:55:45,GB,London,humidity (%),77
2024-10-03 22:55:45,GB,London,weather,scattered clouds
2024-10-03 22:55:45,GB,London,pressure (hPa),1021
2024-10-03 22:55:45,GB,London,wind speed (meter/sec),2.52
2024-10-03 22:55:45,US,New York,temperature (Celsius),20.89
2024-10-03 22:55:45,US,New York,humidity (%),66
2024-10-03 22:55:45,US,New York,weather,overcast clouds
2024-10-03 22:55:45,US,New York,pressure (hPa),1019
2024-10-03 22:55:45,US,New York,wind speed (meter/sec),2.57
2024-10-03 22:55:45,FR,Paris,temperature (Celsius),12.77
2024-10-03 22:55:45,FR,Paris,humidity (%),68
2024-10-03 22:55:45,FR,Paris,weather,broken clouds
2024-10-03 22:55:45,FR,Paris,pressure (hPa),1017
2024-10-03 22:55:45,FR,Paris,wind speed (meter/sec),5.14
2024-10-03 22:55:45,JP,Tokyo,temperature (Celsius),23.37
2024-10-03 22:55:45,JP,Tokyo,humidity (%),91
2024-10-03 22:55:45,JP,Tokyo,weather,overcast clouds
2024-10-03 22:55:45,JP,Tokyo,pressure (hPa),1018
2024-10-03 22:55:45,JP,Tokyo,wind speed (meter/sec),0.89
2024-10-03 22:55:45,AU,Sydney,temperature (Celsius),9.79
2024-10-03 22:55:45,AU,Sydney,humidity (%),89
2024-10-03 22:55:45,AU,Sydney,weather,clear sky
2024-10-03 22:55:45,AU,Sydney,pressure (hPa),1022
2024-10-03 22:55:45,AU,Sydney,wind speed (meter/sec),0.45
2024-10-03 22:55:45,DE,Berlin,temperature (Celsius),11.82
2024-10-03 22:55:45,DE,Berlin,humidity (%),92
2024-10-03 22:55:45,DE,Berlin,weather,broken clouds
2024-10-03 22:55:45,DE,Berlin,pressure (hPa),1015
2024-10-03 22:55:45,DE,Berlin,wind speed (meter/sec),7.15
2024-10-03 22:55:45,IN,Delhi,temperature (Celsius),29.05
2024-10-03 22:55:45,IN,Delhi,humidity (%),65
2024-10-03 22:55:45,IN,Delhi,weather,haze
2024-10-03 22:55:45,IN,Delhi,pressure (hPa),1004
2024-10-03 22:55:45,IN,Delhi,wind speed (meter/sec),1.03
2024-10-03 22:55:45,RU,Moscow,temperature (Celsius),17.25
2024-10-03 22:55:45,RU,Moscow,humidity (%),44
2024-10-03 22:55:45,RU,Moscow,weather,overcast clouds
2024-10-03 22:55:45,RU,Moscow,pressure (hPa),1017
2024-10-03 22:55:45,RU,Moscow,wind speed (meter/sec),1.94
2024-10-03 22:55:45,CN,Beijing,temperature (Celsius),8.94
2024-10-03 22:55:45,CN,Beijing,humidity (%),53
2024-10-03 22:55:45,CN,Beijing,weather,clear sky
2024-10-03 22:55:45,CN,Beijing,pressure (hPa),1023
2024-10-03 22:55:45,CN,Beijing,wind speed (meter/sec),1.84
2024-10-03 22:59:32,LK,Colombo,temperature (Celsius),27.31
2024-10-03 22:59:32,LK,Colombo,humidity (%),85
2024-10-03 22:59:32,LK,Colombo,weather,clear sky
2024-10-03 22:59:32,LK,Colombo,pressure (hPa),1012
2024-10-03 22:59:32,LK,Colombo,wind speed (meter/sec),3.74
2024-10-03 22:59:32,GB,London,temperature (Celsius),13.29
2024-10-03 22:59:32,GB,London,humidity (%),78
2024-10-03 22:59:32,GB,London,weather,scattered clouds
2024-10-03 22:59:32,GB,London,pressure (hPa),1021
2024-10-03 22:59:32,GB,London,wind speed (meter/sec),2.52
2024-10-03 22:59:32,US,New York,temperature (Celsius),20.89
2024-10-03 22:59:32,US,New York,humidity (%),66
2024-10-03 22:59:32,US,New York,weather,overcast clouds
2024-10-03 22:59:32,US,New York,pressure (hPa),1019
2024-10-03 22:59:32,US,New York,wind speed (meter/sec),2.57
2024-10-03 22:59:32,FR,Paris,temperature (Celsius),12.77
2024-10-03 22:59:32,FR,Paris,humidity (%),68
2024-10-03 22:59:32,FR,Paris,weather,broken clouds
2024-10-03 22:59:32,FR,Paris,pressure (hPa),1017
2024-10-03 22:59:32,FR,Paris,wind speed (meter/sec),5.14
2024-10-03 22:59:32,JP,Tokyo,temperature (Celsius),23.37
2024-10-03 22:59:32,JP,Tokyo,humidity (%),91
2024-10-03 22:59:32,JP,Tokyo,weather,overcast clouds
2024-10-03 22:59:32,JP,Tokyo,pressure (hPa),1018
2024-10-03 22:59:32,JP,Tokyo,wind speed (meter/sec),0.89
2024-10-03 22:59:32,AU,Sydney,temperature (Celsius),9.79
2024-10-03 22:59:32,AU,Sydney,humidity (%),89
2024-10-03 22:59:32,AU,Sydney,weather,clear sky
2024-10-03 22:59:32,AU,Sydney,pressure (hPa),1022
2024-10-03 22:59:32,AU,Sydney,wind speed (meter/sec),0.45
2024-10-03 22:59:32,DE,Berlin,temperature (Celsius),11.82
2024-10-03 22:59:32,DE,Berlin,humidity (%),92
2024-10-03 22:59:32,DE,Berlin,weather,broken clouds
2024-10-03 22:59:32,DE,Berlin,pressure (hPa),1015
2024-10-03 22:59:32,DE,Berlin,wind speed (meter/sec),7.15
2024-10-03 22:59:32,IN,Delhi,temperature (Celsius),29.05
2024-10-03 22:59:32,IN,Delhi,humidity (%),65
2024-10-03 22:59:32,IN,Delhi,weather,haze
2024-10-03 22:59:32,IN,Delhi,pressure (hPa),1004
2024-10-03 22:59:32,IN,Delhi,wind speed (meter/sec),1.03
2024-10-03 22:59:32,RU,Moscow,temperature (Celsius),17.25
2024-10-03 22:59:32,RU,Moscow,humidity (%),44
2024-10-03 22:59:32,RU,Moscow,weather,overcast clouds
2024-10-03 22:59:32,RU,Moscow,pressure (hPa),1017
2024-10-03 22:59:32,RU,Moscow,wind speed (meter/sec),1.94
2024-10-03 22:59:32,CN,Beijing,temperature (Celsius),8.94
2024-10-03 22:59:32,CN,Beijing,humidity (%),53
2024-10-03 22:59:32,CN,Beijing,weather,clear sky
2024-10-03 22:59:32,CN,Beijing,pressure (hPa),1023
2024-10-03 22:59:32,CN,Beijing,wind speed (meter/sec),1.84
2024-10-03 23:00:35,LK,Colombo,temperature (Celsius),27.31
2024-10-03 23:00:35,LK,Colombo,humidity (%),85
2024-10-03 23:00:35,LK,Colombo,weather,clear sky
2024-10-03 23:00:35,LK,Colombo,pressure (hPa),1012
2024-10-03 23:00:35,LK,Colombo,wind speed (meter/sec),3.74
2024-10-03 23:00:35,GB,London,temperature (Celsius),13.29
2024-10-03 23:00:35,GB,London,humidity (%),78
2024-10-03 23:00:35,GB,London,weather,scattered clouds
2024-10-03 23:00:35,GB,London,pressure (hPa),1021
2024-10-03 23:00:35,GB,London,wind speed (meter/sec),2.52
2024-10-03 23:00:35,US,New York,temperature (Celsius),20.89
2024-10-03 23:00:35,US,New York,humidity (%),66
2024-10-03 23:00:35,US,New York,weather,overcast clouds
2024-10-03 23:00:35,US,New York,pressure (hPa),1019
2024-10-03 23:00:35,US,New York,wind speed (meter/sec),2.57
2024-10-03 23:00:35,FR,Paris,temperature (Celsius),12.77
2024-10-03 23:00:35,FR,Paris,humidity (%),68
2024-10-03 23:00:35,FR,Paris,weather,broken clouds
2024-10-03 23:00:35,FR,Paris,pressure (hPa),1017
2024-10-03 23:00:35,FR,Paris,wind speed (meter/sec),5.14
2024-10-03 23:00:35,JP,Tokyo,temperature (Celsius),23.37
2024-10-03 23:00:35,JP,Tokyo,humidity (%),91
2024-10-03 23:00:35,JP,Tokyo,weather,overcast clouds
2024-10-03 23:00:35,JP,Tokyo,pressure (hPa),1018
2024-10-03 23:00:35,JP,Tokyo,wind speed (meter/sec),0.89
2024-10-03 23:00:35,AU,Sydney,temperature (Celsius),9.79
2024-10-03 23:00:35,AU,Sydney,humidity (%),89
2024-10-03 23:00:35,AU,Sydney,weather,clear sky
2024-10-03 23:00:35,AU,Sydney,pressure (hPa),1022
2024-10-03 23:00:35,AU,Sydney,wind speed (meter/sec),0.45
2024-10-03 23:00:35,DE,Berlin,temperature (Celsius),11.82
2024-10-03 23:00:35,DE,Berlin,humidity (%),92
2024-10-03 23:00:35,DE,Berlin,weather,broken clouds
2024-10-03 23:00:35,DE,Berlin,pressure (hPa),1015
2024-10-03 23:00:35,DE,Berlin,wind speed (meter/sec),7.15
2024-10-03 23:00:35,IN,Delhi,temperature (Celsius),29.05
2024-10-03 23:00:35,IN,Delhi,humidity (%),65
2024-10-03 23:00:35,IN,Delhi,weather,haze
2024-10-03 23:00:35,IN,Delhi,pressure (hPa),1004
2024-10-03 23:00:35,IN,Delhi,wind speed (meter/sec),1.03
2024-10-03 23:00:35,RU,Moscow,temperature (Celsius),17.25
2024-10-03 23:00:35,RU,Moscow,humidity (%),44
2024-10-03 23:00:35,RU,Moscow,weather,overcast clouds
2024-10-03 23:00:35,RU,Moscow,pressure (hPa),1017
2024-10-03 23:00:35,RU,Moscow,wind speed (meter/sec),1.94
2024-10-03 23:00:35,CN,Beijing,temperature (Celsius),8.94
2024-10-03 23:00:35,CN,Beijing,humidity (%),53
2024-10-03 23:00:35,CN,Beijing,weather,clear sky
2024-10-03 23:00:35,CN,Beijing,pressure (hPa),1023
2024-10-03 23:00:35,CN,Beijing,wind speed (meter/sec),1.84
2024-10-03 23:12:31,LK,Colombo,temperature (Celsius),27.31
2024-10-03 23:12:31,LK,Colombo,humidity (%),85
2024-10-03 23:12:31,LK,Colombo,weather,clear sky
2024-10-03 23:12:31,LK,Colombo,pressure (hPa),1012
2024-10-03 23:12:31,LK,Colombo,wind speed (meter/sec),3.74
2024-10-03 23:12:31,GB,London,temperature (Celsius),13.29
2024-10-03 23:12:31,GB,London,humidity (%),78
2024-10-03 23:12:31,GB,London,weather,scattered clouds
2024-10-03 23:12:31,GB,London,pressure (hPa),1021
2024-10-03 23:12:31,GB,London,wind speed (meter/sec),2.52
2024-10-03 23:12:31,US,New York,temperature (Celsius),20.89
2024-10-03 23:12:31,US,New York,humidity (%),66
2024-10-03 23:12:31,US,New York,weather,overcast clouds
2024-10-03 23:12:31,US,New York,pressure (hPa),1019
2024-10-03 23:12:31,US,New York,wind speed (meter/sec),2.57
2024-10-03 23:12:31,FR,Paris,temperature (Celsius),12.77
2024-10-03 23:12:31,FR,Paris,humidity (%),68
2024-10-03 23:12:31,FR,Paris,weather,broken clouds
2024-10-03 23:12:31,FR,Paris,pressure (hPa),1017
2024-10-03 23:12:31,FR,Paris,wind speed (meter/sec),5.14
2024-10-03 23:12:31,JP,Tokyo,temperature (Celsius),23.37
2024-10-03 23:12:31,JP,Tokyo,humidity (%),91
2024-10-03 23:12:31,JP,Tokyo,weather,overcast clouds
2024-10-03 23:12:31,JP,Tokyo,pressure (hPa),1018
2024-10-03 23:12:31,JP,Tokyo,wind speed (meter/sec),0.89
2024-10-03 23:12:31,AU,Sydney,temperature (Celsius),9.79
2024-10-03 23:12:31,AU,Sydney,humidity (%),89
2024-10-03 23:12:31,AU,Sydney,weather,clear sky
2024-10-03 23:12:31,AU,Sydney,pressure (hPa),1022
2024-10-03 23:12:31,AU,Sydney,wind speed (meter/sec),0.45
2024-10-03 23:12:31,DE,Berlin,temperature (Celsius),11.82
2024-10-03 23:12:31,DE,Berlin,humidity (%),92
2024-10-03 23:12:31,DE,Berlin,weather,broken clouds
2024-10-03 23:12:31,DE,Berlin,pressure (hPa),1015
2024-10-03 23:12:31,DE,Berlin,wind speed (meter/sec),7.15
2024-10-03 23:12:31,IN,Delhi,temperature (Celsius),29.05
2024-10-03 23:12:31,IN,Delhi,humidity (%),65
2024-10-03 23:12:31,IN,Delhi,weather,haze
2024-10-03 23:12:31,IN,Delhi,pressure (hPa),1004
2024-10-03 23:12:31,IN,Delhi,wind speed (meter/sec),1.03
2024-10-03 23:12:31,RU,Moscow,temperature (Celsius),17.25
2024-10-03 23:12:31,RU,Moscow,humidity (%),44
2024-10-03 23:12:31,RU,Moscow,weather,overcast clouds
2024-10-03 23:12:31,RU,Moscow,pressure (hPa),1017
2024-10-03 23:12:31,RU,Moscow,wind speed (meter/sec),1.94
2024-10-03 23:12:31,CN,Beijing,temperature (Celsius),8.94
2024-10-03 23:12:31,CN,Beijing,humidity (%),53
2024-10-03 23:12:31,CN,Beijing,weather,clear sky
2024-10-03 23:12:31,CN,Beijing,pressure (hPa),1023
2024-10-03 23:12:31,CN,Beijing,wind speed (meter/sec),1.84
2024-10-03 23:13:06,LK,Colombo,temperature (Celsius),27.31
2024-10-03 23:13:06,LK,Colombo,humidity (%),85
2024-10-03 23:13:06,LK,Colombo,weather,clear sky
2024-10-03 23:13:06,LK,Colombo,pressure (hPa),1012
2024-10-03 23:13:06,LK,Colombo,wind speed (meter/sec),3.74
2024-10-03 23:13:06,GB,London,temperature (Celsius),13.29
2024-10-03 23:13:06,GB,London,humidity (%),78
2024-10-03 23:13:06,GB,London,weather,scattered clouds
2024-10-03 23:13:06,GB,London,pressure (hPa),1021
2024-10-03 23:13:06,GB,London,wind speed (meter/sec),2.52
2024-10-03 23:13:06,US,New York,temperature (Celsius),20.89
2024-10-03 23:13:06,US,New York,humidity (%),66
2024-10-03 23:13:06,US,New York,weather,overcast clouds
2024-10-03 23:13:06,US,New York,pressure (hPa),1019
2024-10-03 23:13:06,US,New York,wind speed (meter/sec),2.57
2024-10-03 23:13:06,FR,Paris,temperature (Celsius),12.77
2024-10-03 23:13:06,FR,Paris,humidity (%),68
2024-10-03 23:13:06,FR,Paris,weather,broken clouds
2024-10-03 23:13:06,FR,Paris,pressure (hPa),1017
2024-10-03 23:13:06,FR,Paris,wind speed (meter/sec),5.14
2024-10-03 23:13:06,JP,Tokyo,temperature (Celsius),23.37
2024-10-03 23:13:06,JP,Tokyo,humidity (%),91
2024-10-03 23:13:06,JP,Tokyo,weather,overcast clouds
2024-10-03 23:13:06,JP,Tokyo,pressure (hPa),1018
2024-10-03 23:13:06,JP,Tokyo,wind speed (meter/sec),0.89
2024-10-03 23:13:06,AU,Sydney,temperature (Celsius),9.79
2024-10-03 23:13:06,AU,Sydney,humidity (%),89
2024-10-03 23:13:06,AU,Sydney,weather,clear sky
2024-10-03 23:13:06,AU,Sydney,pressure (hPa),1022
2024-10-03 23:13:06,AU,Sydney,wind speed (meter/sec),0.45
2024-10-03 23:13:06,DE,Berlin,temperature (Celsius),11.82
2024-10-03 23:13:06,DE,Berlin,humidity (%),92
2024-10-03 23:13:06,DE,Berlin,weather,broken clouds
2024-10-03 23:13:06,DE,Berlin,pressure (hPa),1015
2024-10-03 23:13:06,DE,Berlin,wind speed (meter/sec),7.15
2024-10-03 23:13:06,IN,Delhi,temperature (Celsius),29.05
2024-10-03 23:13:06,IN,Delhi,humidity (%),65
2024-10-03 23:13:06,IN,Delhi,weather,haze
2024-10-03 23:13:06,IN,Delhi,pressure (hPa),1004
2024-10-03 23:13:06,IN,Delhi,wind speed (meter/sec),1.03
2024-10-03 23:13:06,RU,Moscow,temperature (Celsius),17.25
2024-10-03 23:13:06,RU,Moscow,humidity (%),44
2024-10-03 23:13:06,RU,Moscow,weather,overcast clouds
2024-10-03 23:13:06,RU,Moscow,pressure (hPa),1017
2024-10-03 23:13:06,RU,Moscow,wind speed (meter/sec),1.94
2024-10-03 23:13:06,CN,Beijing,temperature (Celsius),8.94
2024-10-03 23:13:06,CN,Beijing,humidity (%),53
2024-10-03 23:13:06,CN,Beijing,weather,clear sky
2024-10-03 23:13:06,CN,Beijing,pressure (hPa),1023
2024-10-03 23:13:06,CN,Beijing,wind speed (meter/sec),1.84
2024-10-03 23:16:38,LK,Colombo,temperature (Celsius),26.97
2024-10-03 23:16:38,LK,Colombo,humidity (%),85
2024-10-03 23:16:38,LK,Colombo,weather,few clouds
2024-10-03 23:16:38,LK,Colombo,pressure (hPa),1011
2024-10-03 23:16:38,LK,Colombo,wind speed (meter/sec),3.47
2024-10-03 23:16:38,GB,London,temperature (Celsius),12.88
2024-10-03 23:16:38,GB,London,humidity (%),78
2024-10-03 23:16:38,GB,London,weather,broken clouds
2024-10-03 23:16:38,GB,London,pressure (hPa),1021
2024-10-03 23:16:38,GB,London,wind speed (meter/sec),3.09
2024-10-03 23:16:38,US,New York,temperature (Celsius),21.04
2024-10-03 23:16:38,US,New York,humidity (%),65
2024-10-03 23:16:38,US,New York,weather,overcast clouds
2024-10-03 23:16:38,US,New York,pressure (hPa),1019
2024-10-03 23:16:38,US,New York,wind speed (meter/sec),2.57
2024-10-03 23:16:38,FR,Paris,temperature (Celsius),12.73
2024-10-03 23:16:38,FR,Paris,humidity (%),68
2024-10-03 23:16:38,FR,Paris,weather,broken clouds
2024-10-03 23:16:38,FR,Paris,pressure (hPa),1018
2024-10-03 23:16:38,FR,Paris,wind speed (meter/sec),5.14
2024-10-03 23:16:38,JP,Tokyo,temperature (Celsius),23.56
2024-10-03 23:16:38,JP,Tokyo,humidity (%),92
2024-10-03 23:16:38,JP,Tokyo,weather,overcast clouds
2024-10-03 23:16:38,JP,Tokyo,pressure (hPa),1017
2024-10-03 23:16:38,JP,Tokyo,wind speed (meter/sec),0.45
2024-10-03 23:16:38,AU,Sydney,temperature (Celsius),9.63
2024-10-03 23:16:38,AU,Sydney,humidity (%),89
2024-10-03 23:16:38,AU,Sydney,weather,clear sky
2024-10-03 23:16:38,AU,Sydney,pressure (hPa),1022
2024-10-03 23:16:38,AU,Sydney,wind speed (meter/sec),0.45
2024-10-03 23:16:38,DE,Berlin,temperature (Celsius),11.74
2024-10-03 23:16:38,DE,Berlin,humidity (%),91
2024-10-03 23:16:38,DE,Berlin,weather,broken clouds
2024-10-03 23:16:38,DE,Berlin,pressure (hPa),1016
2024-10-03 23:16:38,DE,Berlin,wind speed (meter/sec),5.81
2024-10-03 23:16:38,IN,Delhi,temperature (Celsius),29.05
2024-10-03 23:16:38,IN,Delhi,humidity (%),65
2024-10-03 23:16:38,IN,Delhi,weather,haze
2024-10-03 23:16:38,IN,Delhi,pressure (hPa),1004
2024-10-03 23:16:38,IN,Delhi,wind speed (meter/sec),0
2024-10-03 23:16:38,RU,Moscow,temperature (Celsius),17.36
2024-10-03 23:16:38,RU,Moscow,humidity (%),43
2024-10-03 23:16:38,RU,Moscow,weather,overcast clouds
2024-10-03 23:16:38,RU,Moscow,pressure (hPa),1017
2024-10-03 23:16:38,RU,Moscow,wind speed (meter/sec),2.05
2024-10-03 23:16:38,CN,Beijing,temperature (Celsius),8.94
2024-10-03 23:16:38,CN,Beijing,humidity (%),53
2024-10-03 23:16:38,CN,Beijing,weather,clear sky
2024-10-03 23:16:38,CN,Beijing,pressure (hPa),1022
2024-10-03 23:16:38,CN,Beijing,wind speed (meter/sec),1.9
2024-10-03 23:17:12,LK,Colombo,temperature (Celsius),26.97
2024-10-03 23:17:12,LK,Colombo,humidity (%),85
2024-10-03 23:17:12,LK,Colombo,weather,few clouds
2024-10-03 23:17:12,LK,Colombo,pressure (hPa),1011
2024-10-03 23:17:12,LK,Colombo,wind speed (meter/sec),3.47
2024-10-03 23:17:12,GB,London,temperature (Celsius),12.88
2024-10-03 23:17:12,GB,London,humidity (%),78
2024-10-03 23:17:12,GB,London,weather,broken clouds
2024-10-03 23:17:12,GB,London,pressure (hPa),1021
2024-10-03 23:17:12,GB,London,wind speed (meter/sec),3.09
2024-10-03 23:17:12,US,New York,temperature (Celsius),21.04
2024-10-03 23:17:12,US,New York,humidity (%),65
2024-10-03 23:17:12,US,New York,weather,overcast clouds
2024-10-03 23:17:12,US,New York,pressure (hPa),1019
2024-10-03 23:17:12,US,New York,wind speed (meter/sec),2.57
2024-10-03 23:17:12,FR,Paris,temperature (Celsius),12.73
2024-10-03 23:17:12,FR,Paris,humidity (%),68
2024-10-03 23:17:12,FR,Paris,weather,broken clouds
2024-10-03 23:17:12,FR,Paris,pressure (hPa),1018
2024-10-03 23:17:12,FR,Paris,wind speed (meter/sec),5.14
2024-10-03 23:17:12,JP,Tokyo,temperature (Celsius),23.56
2024-10-03 23:17:12,JP,Tokyo,humidity (%),92
2024-10-03 23:17:12,JP,Tokyo,weather,overcast clouds
2024-10-03 23:17:12,JP,Tokyo,pressure (hPa),1017
2024-10-03 23:17:12,JP,Tokyo,wind speed (meter/sec),0.45
2024-10-03 23:17:12,AU,Sydney,temperature (Celsius),9.63
2024-10-03 23:17:12,AU,Sydney,humidity (%),89
2024-10-03 23:17:12,AU,Sydney,weather,clear sky
2024-10-03 23:17:12,AU,Sydney,pressure (hPa),1022
2024-10-03 23:17:12,AU,Sydney,wind speed (meter/sec),0.45
2024-10-03 23:17:12,DE,Berlin,temperature (Celsius),11.74
2024-10-03 23:17:12,DE,Berlin,humidity (%),91
2024-10-03 23:17:12,DE,Berlin,weather,broken clouds
2024-10-03 23:17:12,DE,Berlin,pressure (hPa),1016
2024-10-03 23:17:12,DE,Berlin,wind speed (meter/sec),5.81
2024-10-03 23:17:12,IN,Delhi,temperature (Celsius),29.05
2024-10-03 23:17:12,IN,Delhi,humidity (%),65
2024-10-03 23:17:12,IN,Delhi,weather,haze
2024-10-03 23:17:12,IN,Delhi,pressure (hPa),1004
2024-10-03 23:17:12,IN,Delhi,wind speed (meter/sec),0
2024-10-03 23:17:12,RU,Moscow,temperature (Celsius),17.36
2024-10-03 23:17:12,RU,Moscow,humidity (%),43
2024-10-03 23:17:12,RU,Moscow,weather,overcast clouds
2024-10-03 23:17:12,RU,Moscow,pressure (hPa),1017
2024-10-03 23:17:12,RU,Moscow,wind speed (meter/sec),2.05
2024-10-03 23:17:12,CN,Beijing,temperature (Celsius),8.94
2024-10-03 23:17:12,CN,Beijing,humidity (%),53
2024-10-03 23:17:12,CN,Beijing,weather,clear sky
2024-10-03 23:17:12,CN,Beijing,pressure (hPa),1022
2024-10-03 23:17:12,CN,Beijing,wind speed (meter/sec),1.9
2024-10-03 23:47:52,LK,Colombo,temperature (Celsius),26.97
2024-10-03 23:47:52,LK,Colombo,humidity (%),85
2024-10-03 23:47:52,LK,Colombo,weather,few clouds
2024-10-03 23:47:52,LK,Colombo,pressure (hPa),1011
2024-10-03 23:47:52,LK,Colombo,wind speed (meter/sec),3.47
2024-10-03 23:47:52,GB,London,temperature (Celsius),12.88
2024-10-03 23:47:52,GB,London,humidity (%),78
2024-10-03 23:47:52,GB,London,weather,broken clouds
2024-10-03 23:47:52,GB,London,pressure (hPa),1021
2024-10-03 23:47:52,GB,London,wind speed (meter/sec),3.09
2024-10-03 23:47:52,US,New York,temperature (Celsius),21.04
2024-10-03 23:47:52,US,New York,humidity (%),65
2024-10-03 23:47:52,US,New York,weather,overcast clouds
2024-10-03 23:47:52,US,New York,pressure (hPa),1019
2024-10-03 23:47:52,US,New York,wind speed (meter/sec),2.57
2024-10-03 23:47:52,FR,Paris,temperature (Celsius),12.73
2024-10-03 23:47:52,FR,Paris,humidity (%),68
2024-10-03 23:47:52,FR,Paris,weather,broken clouds
2024-10-03 23:47:52,FR,Paris,pressure (hPa),1018
2024-10-03 23:47:52,FR,Paris,wind speed (meter/sec),5.14
2024-10-03 23:47:52,JP,Tokyo,temperature (Celsius),23.56
2024-10-03 23:47:52,JP,Tokyo,humidity (%),92
2024-10-03 23:47:52,JP,Tokyo,weather,overcast clouds
2024-10-03 23:47:52,JP,Tokyo,pressure (hPa),1017
2024-10-03 23:47:52,JP,Tokyo,wind speed (meter/sec),0.45
2024-10-03 23:47:52,AU,Sydney,temperature (Celsius),9.63
2024-10-03 23:47:52,AU,Sydney,humidity (%),89
2024-10-03 23:47:52,AU,Sydney,weather,clear sky
2024-10-03 23:47:52,AU,Sydney,pressure (hPa),1022
2024-10-03 23:47:52,AU,Sydney,wind speed (meter/sec),0.45
2024-10-03 23:47:52,DE,Berlin,temperature (Celsius),11.74
2024-10-03 23:47:52,DE,Berlin,humidity (%),91
2024-10-03 23:47:52,DE,Berlin,weather,broken clouds
2024-10-03 23:47:52,DE,Berlin,pressure (hPa),1016
2024-10-03 23:47:52,DE,Berlin,wind speed (meter/sec),5.81
2024-10-03 23:47:52,IN,Delhi,temperature (Celsius),29.05
2024-10-03 23:47:52,IN,Delhi,humidity (%),65
2024-10-03 23:47:52,IN,Delhi,weather,haze
2024-10-03 23:47:52,IN,Delhi,pressure (hPa),1004
2024-10-03 23:47:52,IN,Delhi,wind speed (meter/sec),0
2024-10-03 23:47:52,RU,Moscow,temperature (Celsius),17.36
2024-10-03 23:47:52,RU,Moscow,humidity (%),43
2024-10-03 23:47:52,RU,Moscow,weather,overcast clouds
2024-10-03 23:47:52,RU,Moscow,pressure (hPa),1017
2024-10-03 23:47:52,RU,Moscow,wind speed (meter/sec),2.05
2024-10-03 23:47:52,CN,Beijing,temperature (Celsius),8.94
2024-10-03 23:47:52,CN,Beijing,humidity (%),53
2024-10-03 23:47:52,CN,Beijing,weather,clear sky
2024-10-03 23:47:52,CN,Beijing,pressure (hPa),1022
2024-10-03 23:47:52,CN,Beijing,wind speed (meter/sec),1.9
2024-10-03 23:48:46,LK,Colombo,temperature (Celsius),27.28
2024-10-03 23:48:46,LK,Colombo,humidity (%),85
2024-10-03 23:48:46,LK,Colombo,weather,few clouds
2024-10-03 23:48:46,LK,Colombo,pressure (hPa),1011
2024-10-03 23:48:46,LK,Colombo,wind speed (meter/sec),3.47
2024-10-03 23:48:46,GB,London,temperature (Celsius),11.68
2024-10-03 23:48:46,GB,London,humidity (%),83
2024-10-03 23:48:46,GB,London,weather,broken clouds
2024-10-03 23:48:46,GB,London,pressure (hPa),1022
2024-10-03 23:48:46,GB,London,wind speed (meter/sec),0.45
2024-10-03 23:48:46,US,New York,temperature (Celsius),21.76
2024-10-03 23:48:46,US,New York,humidity (%),62
2024-10-03 23:48:46,US,New York,weather,broken clouds
2024-10-03 23:48:46,US,New York,pressure (hPa),1019
2024-10-03 23:48:46,US,New York,wind speed (meter/sec),2.06
2024-10-03 23:48:46,FR,Paris,temperature (Celsius),11.93
2024-10-03 23:48:46,FR,Paris,humidity (%),72
2024-10-03 23:48:46,FR,Paris,weather,clear sky
2024-10-03 23:48:46,FR,Paris,pressure (hPa),1018
2024-10-03 23:48:46,FR,Paris,wind speed (meter/sec),4.12
2024-10-03 23:48:46,JP,Tokyo,temperature (Celsius),24.03
2024-10-03 23:48:46,JP,Tokyo,humidity (%),91
2024-10-03 23:48:46,JP,Tokyo,weather,broken clouds
2024-10-03 23:48:46,JP,Tokyo,pressure (hPa),1017
2024-10-03 23:48:46,JP,Tokyo,wind speed (meter/sec),6.69
2024-10-03 23:48:46,AU,Sydney,temperature (Celsius),9.68
2024-10-03 23:48:46,AU,Sydney,humidity (%),89
2024-10-03 23:48:46,AU,Sydney,weather,clear sky
2024-10-03 23:48:46,AU,Sydney,pressure (hPa),1022
2024-10-03 23:48:46,AU,Sydney,wind speed (meter/sec),2.57
2024-10-03 23:48:46,DE,Berlin,temperature (Celsius),11.7
2024-10-03 23:48:46,DE,Berlin,humidity (%),92
2024-10-03 23:48:46,DE,Berlin,weather,broken clouds
2024-10-03 23:48:46,DE,Berlin,pressure (hPa),1016
2024-10-03 23:48:46,DE,Berlin,wind speed (meter/sec),4.47
2024-10-03 23:48:46,IN,Delhi,temperature (Celsius),29.05
2024-10-03 23:48:46,IN,Delhi,humidity (%),65
2024-10-03 23:48:46,IN,Delhi,weather,haze
2024-10-03 23:48:46,IN,Delhi,pressure (hPa),1004
2024-10-03 23:48:46,IN,Delhi,wind speed (meter/sec),1.03
2024-10-03 23:48:46,RU,Moscow,temperature (Celsius),16.36
2024-10-03 23:48:46,RU,Moscow,humidity (%),60
2024-10-03 23:48:46,RU,Moscow,weather,overcast clouds
2024-10-03 23:48:46,RU,Moscow,pressure (hPa),1017
2024-10-03 23:48:46,RU,Moscow,wind speed (meter/sec),2.05
2024-10-03 23:48:46,CN,Beijing,temperature (Celsius),8.94
2024-10-03 23:48:46,CN,Beijing,humidity (%),53
2024-10-03 23:48:46,CN,Beijing,weather,clear sky
2024-10-03 23:48:46,CN,Beijing,pressure (hPa),1022
2024-10-03 23:48:46,CN,Beijing,wind speed (meter/sec),1.9
2024-10-04 00:21:20,LK,Colombo,temperature (Celsius),26.97
2024-10-04 00:21:20,LK,Colombo,humidity (%),86
2024-10-04 00:21:20,LK,Colombo,weather,few clouds
2024-10-04 00:21:20,LK,Colombo,pressure (hPa),1010
2024-10-04 00:21:20,LK,Colombo,wind speed (meter/sec),3.95
2024-10-04 00:21:20,GB,London,temperature (Celsius),10.91
2024-10-04 00:21:20,GB,London,humidity (%),85
2024-10-04 00:21:20,GB,London,weather,broken clouds
2024-10-04 00:21:20,GB,London,pressure (hPa),1022
2024-10-04 00:21:20,GB,London,wind speed (meter/sec),2.27
2024-10-04 00:21:20,US,New York,temperature (Celsius),21.75
2024-10-04 00:21:20,US,New York,humidity (%),62
2024-10-04 00:21:20,US,New York,weather,broken clouds
2024-10-04 00:21:20,US,New York,pressure (hPa),1019
2024-10-04 00:21:20,US,New York,wind speed (meter/sec),2.06
2024-10-04 00:21:20,FR,Paris,temperature (Celsius),11.6
2024-10-04 00:21:20,FR,Paris,humidity (%),73
2024-10-04 00:21:20,FR,Paris,weather,clear sky
2024-10-04 00:21:20,FR,Paris,pressure (hPa),1019
2024-10-04 00:21:20,FR,Paris,wind speed (meter/sec),4.12
2024-10-04 00:21:20,JP,Tokyo,temperature (Celsius),24.23
2024-10-04 00:21:20,JP,Tokyo,humidity (%),91
2024-10-04 00:21:20,JP,Tokyo,weather,broken clouds
2024-10-04 00:21:20,JP,Tokyo,pressure (hPa),1018
2024-10-04 00:21:20,JP,Tokyo,wind speed (meter/sec),8.75
2024-10-04 00:21:20,AU,Sydney,temperature (Celsius),9.2
2024-10-04 00:21:20,AU,Sydney,humidity (%),90
2024-10-04 00:21:20,AU,Sydney,weather,scattered clouds
2024-10-04 00:21:20,AU,Sydney,pressure (hPa),1022
2024-10-04 00:21:20,AU,Sydney,wind speed (meter/sec),0.45
2024-10-04 00:21:20,DE,Berlin,temperature (Celsius),11.55
2024-10-04 00:21:20,DE,Berlin,humidity (%),92
2024-10-04 00:21:20,DE,Berlin,weather,broken clouds
2024-10-04 00:21:20,DE,Berlin,pressure (hPa),1016
2024-10-04 00:21:20,DE,Berlin,wind speed (meter/sec),5.14
2024-10-04 00:21:20,IN,Delhi,temperature (Celsius),29.05
2024-10-04 00:21:20,IN,Delhi,humidity (%),70
2024-10-04 00:21:20,IN,Delhi,weather,haze
2024-10-04 00:21:20,IN,Delhi,pressure (hPa),1004
2024-10-04 00:21:20,IN,Delhi,wind speed (meter/sec),1.03
2024-10-04 00:21:20,RU,Moscow,temperature (Celsius),15.63
2024-10-04 00:21:20,RU,Moscow,humidity (%),51
2024-10-04 00:21:20,RU,Moscow,weather,overcast clouds
2024-10-04 00:21:20,RU,Moscow,pressure (hPa),1017
2024-10-04 00:21:20,RU,Moscow,wind speed (meter/sec),2.23
2024-10-04 00:21:20,CN,Beijing,temperature (Celsius),7.94
2024-10-04 00:21:20,CN,Beijing,humidity (%),54
2024-10-04 00:21:20,CN,Beijing,weather,clear sky
2024-10-04 00:21:20,CN,Beijing,pressure (hPa),1022
2024-10-04 00:21:20,CN,Beijing,wind speed (meter/sec),1.35
2024-10-04 00:22:10,LK,Colombo,temperature (Celsius),26.97
2024-10-04 00:22:10,LK,Colombo,humidity (%),86
2024-10-04 00:22:10,LK,Colombo,weather,few clouds
2024-10-04 00:22:10,LK,Colombo,pressure (hPa),1010
2024-10-04 00:22:10,LK,Colombo,wind speed (meter/sec),3.95
2024-10-04 00:22:10,GB,London,temperature (Celsius),10.91
2024-10-04 00:22:10,GB,London,humidity (%),85
2024-10-04 00:22:10,GB,London,weather,broken clouds
2024-10-04 00:22:10,GB,London,pressure (hPa),1022
2024-10-04 00:22:10,GB,London,wind speed (meter/sec),2.27
2024-10-04 00:22:10,US,New York,temperature (Celsius),21.75
2024-10-04 00:22:10,US,New York,humidity (%),62
2024-10-04 00:22:10,US,New York,weather,broken clouds
2024-10-04 00:22:10,US,New York,pressure (hPa),1019
2024-10-04 00:22:10,US,New York,wind speed (meter/sec),2.06
2024-10-04 00:22:10,FR,Paris,temperature (Celsius),11.6
2024-10-04 00:22:10,FR,Paris,humidity (%),73
2024-10-04 00:22:10,FR,Paris,weather,clear sky
2024-10-04 00:22:10,FR,Paris,pressure (hPa),1019
2024-10-04 00:22:10,FR,Paris,wind speed (meter/sec),4.12
2024-10-04 00:22:10,JP,Tokyo,temperature (Celsius),24.23
2024-10-04 00:22:10,JP,Tokyo,humidity (%),91
2024-10-04 00:22:10,JP,Tokyo,weather,broken clouds
2024-10-04 00:22:10,JP,Tokyo,pressure (hPa),1018
2024-10-04 00:22:10,JP,Tokyo,wind speed (meter/sec),8.75
2024-10-04 00:22:10,AU,Sydney,temperature (Celsius),9.2
2024-10-04 00:22:10,AU,Sydney,humidity (%),90
2024-10-04 00:22:10,AU,Sydney,weather,scattered clouds
2024-10-04 00:22:10,AU,Sydney,pressure (hPa),1022
2024-10-04 00:22:10,AU,Sydney,wind speed (meter/sec),0.45
2024-10-04 00:22:10,DE,Berlin,temperature (Celsius),11.55
2024-10-04 00:22:10,DE,Berlin,humidity (%),92
2024-10-04 00:22:10,DE,Berlin,weather,broken clouds
2024-10-04 00:22:10,DE,Berlin,pressure (hPa),1016
2024-10-04 00:22:10,DE,Berlin,wind speed (meter/sec),5.14
2024-10-04 00:22:10,IN,Delhi,temperature (Celsius),29.05
2024-10-04 00:22:10,IN,Delhi,humidity (%),70
2024-10-04 00:22:10,IN,Delhi,weather,haze
2024-10-04 00:22:10,IN,Delhi,pressure (hPa),1004
2024-10-04 00:22:10,IN,Delhi,wind speed (meter/sec),1.03
2024-10-04 00:22:10,RU,Moscow,temperature (Celsius),15.63
2024-10-04 00:22:10,RU,Moscow,humidity (%),51
2024-10-04 00:22:10,RU,Moscow,weather,overcast clouds
2024-10-04 00:22:10,RU,Moscow,pressure (hPa),1017
2024-10-04 00:22:10,RU,Moscow,wind speed (meter/sec),2.23
2024-10-04 00:22:10,CN,Beijing,temperature (Celsius),7.94
2024-10-04 00:22:10,CN,Beijing,humidity (%),54
2024-10-04 00:22:10,CN,Beijing,weather,clear sky
2024-10-04 00:22:10,CN,Beijing,pressure (hPa),1022
2024-10-04 00:22:10,CN,Beijing,wind speed (meter/sec),1.35
2024-10-04 00:42:36,LK,Colombo,temperature (Celsius),26.97
2024-10-04 00:42:36,LK,Colombo,humidity (%),86
2024-10-04 00:42:36,LK,Colombo,weather,few clouds
2024-10-04 00:42:36,LK,Colombo,pressure (hPa),1010
2024-10-04 00:42:36,LK,Colombo,wind speed (meter/sec),3.95
2024-10-04 00:42:36,GB,London,temperature (Celsius),10.91
2024-10-04 00:42:36,GB,London,humidity (%),85
2024-10-04 00:42:36,GB,London,weather,broken clouds
2024-10-04 00:42:36,GB,London,pressure (hPa),1022
2024-10-04 00:42:36,GB,London,wind speed (meter/sec),2.27
2024-10-04 00:42:36,US,New York,temperature (Celsius),21.75
2024-10-04 00:42:36,US,New York,humidity (%),62
2024-10-04 00:42:36,US,New York,weather,broken clouds
2024-10-04 00:42:36,US,New York,pressure (hPa),1019
2024-10-04 00:42:36,US,New York,wind speed (meter/sec),2.06
2024-10-04 00:42:36,FR,Paris,temperature (Celsius),11.6
2024-10-04 00:42:36,FR,Paris,humidity (%),73
2024-10-04 00:42:36,FR,Paris,weather,clear sky
2024-10-04 00:42:36,FR,Paris,pressure (hPa),1019
2024-10-04 00:42:36,FR,Paris,wind speed (meter/sec),4.12
2024-10-04 00:42:36,JP,Tokyo,temperature (Celsius),24.23
2024-10-04 00:42:36,JP,Tokyo,humidity (%),91
2024-10-04 00:42:36,JP,Tokyo,weather,broken clouds
2024-10-04 00:42:36,JP,Tokyo,pressure (hPa),1018
2024-10-04 00:42:36,JP,Tokyo,wind speed (meter/sec),8.75
2024-10-04 00:42:36,AU,Sydney,temperature (Celsius),9.2
2024-10-04 00:42:36,AU,Sydney,humidity (%),90
2024-10-04 00:42:36,AU,Sydney,weather,scattered clouds
2024-10-04 00:42:36,AU,Sydney,pressure (hPa),1022
2024-10-04 00:42:36,AU,Sydney,wind speed (meter/sec),0.45
2024-10-04 00:42:36,DE,Berlin,temperature (Celsius),11.55
2024-10-04 00:42:36,DE,Berlin,humidity (%),92
2024-10-04 00:42:36,DE,Berlin,weather,broken clouds
2024-10-04 00:42:36,DE,Berlin,pressure (hPa),1016
2024-10-04 00:42:36,DE,Berlin,wind speed (meter/sec),5.14
2024-10-04 00:42:36,IN,Delhi,temperature (Celsius),29.05
2024-10-04 00:42:36,IN,Delhi,humidity (%),70
2024-10-04 00:42:36,IN,Delhi,weather,haze
2024-10-04 00:42:36,IN,Delhi,pressure (hPa),1004
2024-10-04 00:42:36,IN,Delhi,wind speed (meter/sec),1.03
2024-10-04 00:42:36,RU,Moscow,temperature (Celsius),15.63
2024-10-04 00:42:36,RU,Moscow,humidity (%),51
2024-10-04 00:42:36,RU,Moscow,weather,overcast clouds
2024-10-04 00:42:36,RU,Moscow,pressure (hPa),1017
2024-10-04 00:42:36,RU,Moscow,wind speed (meter/sec),2.23
2024-10-04 00:42:36,CN,Beijing,temperature (Celsius),7.94
2024-10-04 00:42:36,CN,Beijing,humidity (%),54
2024-10-04 00:42:36,CN,Beijing,weather,clear sky
2024-10-04 00:42:36,CN,Beijing,pressure (hPa),1022
2024-10-04 00:42:36,CN,Beijing,wind speed (meter/sec),1.35
2024-10-04 00:42:51,LK,Colombo,temperature (Celsius),27.15
2024-10-04 00:42:51,LK,Colombo,humidity (%),86
2024-10-04 00:42:51,LK,Colombo,weather,few clouds
2024-10-04 00:42:51,LK,Colombo,pressure (hPa),1010
2024-10-04 00:42:51,LK,Colombo,wind speed (meter/sec),3.95
2024-10-04 00:42:51,GB,London,temperature (Celsius),10.37
2024-10-04 00:42:51,GB,London,humidity (%),86
2024-10-04 00:42:51,GB,London,weather,broken clouds
2024-10-04 00:42:51,GB,London,pressure (hPa),1022
2024-10-04 00:42:51,GB,London,wind speed (meter/sec),2.27
2024-10-04 00:42:51,US,New York,temperature (Celsius),22.12
2024-10-04 00:42:51,US,New York,humidity (%),60
2024-10-04 00:42:51,US,New York,weather,overcast clouds
2024-10-04 00:42:51,US,New York,pressure (hPa),1019
2024-10-04 00:42:51,US,New York,wind speed (meter/sec),3.6
2024-10-04 00:42:51,FR,Paris,temperature (Celsius),11.36
2024-10-04 00:42:51,FR,Paris,humidity (%),74
2024-10-04 00:42:51,FR,Paris,weather,clear sky
2024-10-04 00:42:51,FR,Paris,pressure (hPa),1019
2024-10-04 00:42:51,FR,Paris,wind speed (meter/sec),3.09
2024-10-04 00:42:51,JP,Tokyo,temperature (Celsius),24.96
2024-10-04 00:42:51,JP,Tokyo,humidity (%),88
2024-10-04 00:42:51,JP,Tokyo,weather,broken clouds
2024-10-04 00:42:51,JP,Tokyo,pressure (hPa),1018
2024-10-04 00:42:51,JP,Tokyo,wind speed (meter/sec),8.75
2024-10-04 00:42:51,AU,Sydney,temperature (Celsius),9.53
2024-10-04 00:42:51,AU,Sydney,humidity (%),90
2024-10-04 00:42:51,AU,Sydney,weather,scattered clouds
2024-10-04 00:42:51,AU,Sydney,pressure (hPa),1022
2024-10-04 00:42:51,AU,Sydney,wind speed (meter/sec),2.57
2024-10-04 00:42:51,DE,Berlin,temperature (Celsius),11.65
2024-10-04 00:42:51,DE,Berlin,humidity (%),92
2024-10-04 00:42:51,DE,Berlin,weather,broken clouds
2024-10-04 00:42:51,DE,Berlin,pressure (hPa),1016
2024-10-04 00:42:51,DE,Berlin,wind speed (meter/sec),5.14
2024-10-04 00:42:51,IN,Delhi,temperature (Celsius),28.05
2024-10-04 00:42:51,IN,Delhi,humidity (%),74
2024-10-04 00:42:51,IN,Delhi,weather,haze
2024-10-04 00:42:51,IN,Delhi,pressure (hPa),1004
2024-10-04 00:42:51,IN,Delhi,wind speed (meter/sec),1.54
2024-10-04 00:42:51,RU,Moscow,temperature (Celsius),15.74
2024-10-04 00:42:51,RU,Moscow,humidity (%),51
2024-10-04 00:42:51,RU,Moscow,weather,overcast clouds
2024-10-04 00:42:51,RU,Moscow,pressure (hPa),1017
2024-10-04 00:42:51,RU,Moscow,wind speed (meter/sec),2.23
2024-10-04 00:42:51,CN,Beijing,temperature (Celsius),7.94
2024-10-04 00:42:51,CN,Beijing,humidity (%),54
2024-10-04 00:42:51,CN,Beijing,weather,clear sky
2024-10-04 00:42:51,CN,Beijing,pressure (hPa),1022
2024-10-04 00:42:51,CN,Beijing,wind speed (meter/sec),1.35
